[{"id":1,"name":"Anna Baier","email":"AnnaBaier@einrot.com","phone":"081 581 92 35","priority":"Tief","service":"Kleiner Service","create_date":"2022-11-13T18:12:43.511Z","pickup_date":"2022-11-25T18:12:43.511Z"},{"id":2},{"id":3},{"id":4},{"id":5},{"id":6,"name":"majd","email":"majd.bayeh@gmail.com","phone":"9999999","priority":"standard","service":"kleiner-service","pickup_date":"2024-12-13T14:05:44.316Z","create_date":"2024-12-08T14:05:44.316Z"},{"id":7,"name":"majd","email":"kokoko@koko","phone":"9090909","priority":"standard","service":"kleiner-service","pickup_date":"2024-12-13T14:13:07.006Z","create_date":"2024-12-08T14:13:07.006Z"},{"id":8,"name":"majd","email":"majd.bayeh@gmail.com","phone":"9090909","priority":"express","service":"kleiner-service","pickup_date":"2024-12-11T14:16:41.831Z","create_date":"2024-12-08T14:16:41.831Z"},{"id":9,"name":"majd","email":"majd.bayeh@gmail.com","phone":"9999999","priority":"standard","service":"kleiner-service","pickup_date":"2024-12-13T14:19:02.249Z","create_date":"2024-12-08T14:19:02.249Z"},{"id":10,"name":"majd","email":"majd.bayeh@gmail.com","phone":"9999999","priority":"standard","service":"kleiner-service","pickup_date":"2024-12-13T14:23:00.702Z","create_date":"2024-12-08T14:23:00.702Z"},{"id":11,"name":"majd","email":"majd.bayeh@gmail.com","phone":"9999999","priority":"express","service":"kleiner-service"},{"id":12,"name":"majd","email":"majd.bayeh@gmail.com","phone":"9999999","priority":"express","service":"kleiner-service"},{"id":13,"name":"majd","email":"majd.bayeh@gmail.com","phone":"9999","priority":"standard","service":"kleiner-service"},{"id":14,"name":"majd","email":"kokoko@koko","phone":"8888","priority":"standard","service":"kleiner-service"},{"id":15,"name":"kok","email":"kokoko@koko","phone":"55555555","priority":"standard","service":"kleiner-service"},{"id":16,"name":"kok","email":"kokoko@koko","phone":"55555555","priority":"standard","service":"kleiner-service"},{"id":17,"name":"kok","email":"kokoko@koko","phone":"55555555","priority":"standard","service":"kleiner-service"},{"id":18,"name":"kok","email":"kokoko@koko","phone":"9999","priority":"standard","service":"kleiner-service"},{"id":19,"name":"test","email":"majd.bayeh@gmail.com","phone":"1111111","priority":"standard","service":"kleiner-service"},{"id":20,"name":"test","email":"kokoko@koko","phone":"1111111","priority":"standard","service":"kleiner-service"},{"id":21,"name":"majd","email":"kokoko@koko","phone":"187187","priority":"standard","service":"kleiner-service"},{"id":22,"name":"majd","email":"kokoko@koko","phone":"1111111","priority":"standard","service":"kleiner-service"},{"id":23,"name":"kok","email":"kokoko@koko","phone":"9999","priority":"standard","service":"kleiner-service"},{"id":24,"name":"kok","email":"kokoko@koko","phone":"55555555","priority":"standard","service":"kleiner-service"},{"id":25,"name":"kok","email":"kokoko@koko","phone":"9898","priority":"standard","service":"kleiner-service"}]